"Server","RenameResult","DeployResult","Error","Timestamp"
"aza5stgsql001","NOT_FOUND","Success",,"2026-03-05T15:16:14"
"aza5supscb002","RENAMED","Success",,"2026-03-05T15:16:24"
"aza5supsql003","RENAMED","Success",,"2026-03-05T15:16:33"
"aza5supsql004","RENAMED","Success",,"2026-03-05T15:16:41"
"aza5supsql005","RENAMED","Success",,"2026-03-05T15:16:50"
"aza5supsql006","RENAMED","Success",,"2026-03-05T15:16:58"
"azc5atssql001","NOT_FOUND","Success",,"2026-03-05T15:17:07"
"azc5comsql001","NOT_FOUND","Success",,"2026-03-05T15:17:09"
"azc5pscsql001","RENAMED","Success",,"2026-03-05T15:17:10"
"azc5pscsql002","RENAMED","Success",,"2026-03-05T15:17:12"
"azc5pscsql003","RENAMED","Success",,"2026-03-05T15:17:14"
"azc5supscb001","RENAMED","Success",,"2026-03-05T15:17:16"
"azc5supscb002","RENAMED","Success",,"2026-03-05T15:17:17"
"azc5supsql001","RENAMED","Success",,"2026-03-05T15:17:19"
"azc5supsql002","RENAMED","Success",,"2026-03-05T15:17:21"
"azc5supsql003","RENAMED","Success",,"2026-03-05T15:17:22"
"azc5supsql004","RENAMED","Success",,"2026-03-05T15:17:24"
"azg5actsql001","RENAMED","Success",,"2026-03-05T15:17:26"
"azg5aptsql001","NOT_FOUND","Success",,"2026-03-05T15:17:26"
"azg5bcpsql001","Executed","Success",,"2026-03-05T15:17:27"
"azg5bcpsql002","Executed","Success",,"2026-03-05T15:17:57"
"azg5bcpsql003","RENAMED","Success",,"2026-03-05T15:18:28"
"azg5bcpsql004","RENAMED","Success",,"2026-03-05T15:18:28"
"azg5bcpsql01b,31433","RENAMED","Success",,"2026-03-05T15:18:29"
"azg5bcpsql02a,31433","NOT_FOUND","Success",,"2026-03-05T15:18:29"
"azg5bcpsql02b,31433","NOT_FOUND","Success",,"2026-03-05T15:18:30"
"azg5cdcsql002","Executed","Success",,"2026-03-05T15:18:30"
"azg5cebsql001","RENAMED","Success",,"2026-03-05T15:18:30"
"azg5cmtsql002","RENAMED","Success",,"2026-03-05T15:18:31"
"azg5comsql001","NOT_FOUND","Success",,"2026-03-05T15:18:32"
"azg5corsql201","NOT_FOUND","Success",,"2026-03-05T15:18:32"
"azg5corsql202","NOT_FOUND","Success",,"2026-03-05T15:18:33"
"azg5opesql004","RENAMED","Success",,"2026-03-05T15:18:33"
"azg5opesql005","RENAMED","Success",,"2026-03-05T15:18:34"
"azg5opesql006","RENAMED","Success",,"2026-03-05T15:18:35"
"azg5pscsql022","RENAMED","Success",,"2026-03-05T15:18:36"
"azg5pscsql023","RENAMED","Success",,"2026-03-05T15:18:38"
"azg5pscsql024","RENAMED","Success",,"2026-03-05T15:18:39"
"azg5pscsql025","RENAMED","Success",,"2026-03-05T15:18:40"
"azg5pscsql026","RENAMED","Success",,"2026-03-05T15:18:41"
"azg5pscsql027","RENAMED","Success",,"2026-03-05T15:18:42"
"azg5pscsql028","RENAMED","Success",,"2026-03-05T15:18:43"
"azg5pscsql029","RENAMED","Success",,"2026-03-05T15:18:44"
"azg5pscsql030","RENAMED","Success",,"2026-03-05T15:18:45"
"azg5pscsql031","RENAMED","Success",,"2026-03-05T15:18:46"
"azg5pscsql032","RENAMED","Success",,"2026-03-05T15:18:47"
"azg5pscsql033","RENAMED","Success",,"2026-03-05T15:18:48"
"azg5pscsql034","RENAMED","Success",,"2026-03-05T15:18:49"
"azg5pscsql035","RENAMED","Success",,"2026-03-05T15:18:50"
"azg5pscsql036","RENAMED","Success",,"2026-03-05T15:18:51"
"azg5pscsql037","RENAMED","Success",,"2026-03-05T15:18:52"
"azg5pscsql038","RENAMED","Success",,"2026-03-05T15:18:54"
"azg5pscsql039","RENAMED","Success",,"2026-03-05T15:18:55"
"azg5pscsql040","RENAMED","Success",,"2026-03-05T15:18:56"
"azg5pscsql041","RENAMED","Success",,"2026-03-05T15:18:57"
"azg5pscsql042","RENAMED","Success",,"2026-03-05T15:18:58"
"azg5satsql101","RENAMED","Success",,"2026-03-05T15:18:59"
"azg5sresql01a,31433","RENAMED","Success",,"2026-03-05T15:19:00"
"azg5sresql01b,31433","RENAMED","Success",,"2026-03-05T15:19:00"
"azg5stgsql001","NOT_FOUND","Success",,"2026-03-05T15:19:01"
"azg5stgsql002","NOT_FOUND","Success",,"2026-03-05T15:19:01"
"azg5supscb001","RENAMED","Success",,"2026-03-05T15:19:02"
"azg5supscb002","RENAMED","Success",,"2026-03-05T15:19:04"
"azg5supscb003","RENAMED","Success",,"2026-03-05T15:19:06"
"azg5supsql020","RENAMED","Success",,"2026-03-05T15:19:08"
"azg5supsql021","RENAMED","Success",,"2026-03-05T15:19:09"
"azg5supsql022","RENAMED","Success",,"2026-03-05T15:19:10"
"azg5supsql023","RENAMED","Success",,"2026-03-05T15:19:11"
"azg5supsql024","RENAMED","Success",,"2026-03-05T15:19:12"
"azg5supsql025","RENAMED","Success",,"2026-03-05T15:19:13"
"azg5supsql026","RENAMED","Success",,"2026-03-05T15:19:13"
"azg5supsql027","RENAMED","Success",,"2026-03-05T15:19:15"
"azg5supsql028","RENAMED","Success",,"2026-03-05T15:19:16"
"azg5supsql029","RENAMED","Success",,"2026-03-05T15:19:17"
"azg5supsql030","RENAMED","Success",,"2026-03-05T15:19:18"
"azg5supsql031","RENAMED","Success",,"2026-03-05T15:19:18"
"azg5supsql032","RENAMED","Success",,"2026-03-05T15:19:19"
"azg5supsql033","RENAMED","Success",,"2026-03-05T15:19:20"
"azg5supsql034","RENAMED","Success",,"2026-03-05T15:19:21"
"azg5supsql035","RENAMED","Success",,"2026-03-05T15:19:22"
"azg5supsql036","RENAMED","Success",,"2026-03-05T15:19:23"
"azg5supsql037","RENAMED","Success",,"2026-03-05T15:19:24"
"azg5supsql038","RENAMED","Success",,"2026-03-05T15:19:25"
"azg5supsql039","RENAMED","Success",,"2026-03-05T15:19:25"
"azg5supsql040","RENAMED","Success",,"2026-03-05T15:19:26"
"azg5supsql041","RENAMED","Success",,"2026-03-05T15:19:27"
"azg5vansql002","RENAMED","Success",,"2026-03-05T15:19:28"
"azg9imgsqltst1","Executed","Success",,"2026-03-05T15:19:28"
"azg9sndsql003","RENAMED","Success",,"2026-03-05T15:19:59"
"azg9sndsql004","RENAMED","Success",,"2026-03-05T15:19:59"
"azg9sndsql005","RENAMED","Success",,"2026-03-05T15:20:00"
"azg9sndsql02d,31433","RENAMED","Success",,"2026-03-05T15:20:00"
"azg9sndsql02e,31433","RENAMED","Success",,"2026-03-05T15:20:01"
"azg9tmnsql006","Executed","Success",,"2026-03-05T15:20:02"
"azg9tstsql041","Executed","Success",,"2026-03-05T15:20:32"
"azh5bcpsql01c,31433","RENAMED","Success",,"2026-03-05T15:21:02"
"azh5bcpsql02c,31433","NOT_FOUND","Success",,"2026-03-05T15:21:04"
"azh5trasql01c,31433","RENAMED","Success",,"2026-03-05T15:21:06"
"azm5lkssql002","RENAMED","Success",,"2026-03-05T15:21:08"
"azm5pscsql004","RENAMED","Success",,"2026-03-05T15:21:13"
"azm5pscsql005","RENAMED","Success",,"2026-03-05T15:21:17"
"azm5pscsql006","RENAMED","Success",,"2026-03-05T15:21:22"
"azm5stgsql001","Executed","Success",,"2026-03-05T15:21:26"
"azm5supscb001","NOT_FOUND","Success",,"2026-03-05T15:21:57"
"azm5supscb002","RENAMED","Success",,"2026-03-05T15:22:01"
"azm5supscb003","RENAMED","Success",,"2026-03-05T15:22:05"
"azm5supsql007","RENAMED","Success",,"2026-03-05T15:22:10"
"azm5supsql008","RENAMED","Success",,"2026-03-05T15:22:15"
"azm5supsql009","RENAMED","Success",,"2026-03-05T15:22:19"
"azm5supsql010","RENAMED","Success",,"2026-03-05T15:22:24"
"azm5supsql011","RENAMED","Success",,"2026-03-05T15:22:28"
"azm5supsql012","RENAMED","Success",,"2026-03-05T15:22:32"
"azm5supsql013","RENAMED","Success",,"2026-03-05T15:22:37"
"azm5supsql014","RENAMED","Success",,"2026-03-05T15:22:41"
"azm5supsql015","RENAMED","Success",,"2026-03-05T15:22:46"
"azm5supsql016","RENAMED","Success",,"2026-03-05T15:22:50"
"azm5vansql001","RENAMED","Success",,"2026-03-05T15:22:54"
